{"format":2,"version":"5.4","globals":"38c562db668a4c95c907bca7a3be0717","files":{"airflow___init___py":{"hash":"af9d0d0de0ea3b71d198bc63f1499a7d","index":{"nums":[1,0,0,0,0,0,0],"html_filename":"airflow___init___py.html","relative_filename":"airflow/__init__.py"}},"libs___init___py":{"hash":"af9d0d0de0ea3b71d198bc63f1499a7d","index":{"nums":[1,0,0,0,0,0,0],"html_filename":"libs___init___py.html","relative_filename":"libs/__init__.py"}},"libs_sdc_etl_libs___init___py":{"hash":"caf5e78ac70e4693f11b22f98f07a038","index":{"nums":[1,1,0,0,0,0,0],"html_filename":"libs_sdc_etl_libs___init___py.html","relative_filename":"libs/sdc_etl_libs/__init__.py"}},"libs_sdc_etl_libs_api_helpers_API_py":{"hash":"c93c066c810eb03b7cc9c0ded3b0e06a","index":{"nums":[1,61,0,40,0,0,0],"html_filename":"libs_sdc_etl_libs_api_helpers_API_py.html","relative_filename":"libs/sdc_etl_libs/api_helpers/API.py"}},"libs_sdc_etl_libs_api_helpers_APIUtils_py":{"hash":"c78aa5fd8353a86a43183b4eef63ed7b","index":{"nums":[1,49,0,18,0,0,0],"html_filename":"libs_sdc_etl_libs_api_helpers_APIUtils_py.html","relative_filename":"libs/sdc_etl_libs/api_helpers/APIUtils.py"}},"libs_sdc_etl_libs_api_helpers_AsyncOAuthAPI_py":{"hash":"b7588ff46ea611df5335057f5a15a59b","index":{"nums":[1,8,0,1,0,0,0],"html_filename":"libs_sdc_etl_libs_api_helpers_AsyncOAuthAPI_py.html","relative_filename":"libs/sdc_etl_libs/api_helpers/AsyncOAuthAPI.py"}},"libs_sdc_etl_libs_api_helpers_OAuthAPI_py":{"hash":"00912c7e1ed2f5106f7e296f1a306977","index":{"nums":[1,54,0,15,0,0,0],"html_filename":"libs_sdc_etl_libs_api_helpers_OAuthAPI_py.html","relative_filename":"libs/sdc_etl_libs/api_helpers/OAuthAPI.py"}},"libs_sdc_etl_libs_api_helpers_SDCAPIExceptions_py":{"hash":"9401842bfdaf283e788384eb46bdcead","index":{"nums":[1,9,0,0,0,0,0],"html_filename":"libs_sdc_etl_libs_api_helpers_SDCAPIExceptions_py.html","relative_filename":"libs/sdc_etl_libs/api_helpers/SDCAPIExceptions.py"}},"libs_sdc_etl_libs_api_helpers___init___py":{"hash":"af9d0d0de0ea3b71d198bc63f1499a7d","index":{"nums":[1,0,0,0,0,0,0],"html_filename":"libs_sdc_etl_libs_api_helpers___init___py.html","relative_filename":"libs/sdc_etl_libs/api_helpers/__init__.py"}},"libs_sdc_etl_libs_api_helpers_apis_ExactTarget_ExactTarget_py":{"hash":"001c5a6aa5fbb2150bf51c691a9ebbb4","index":{"nums":[1,100,0,65,0,0,0],"html_filename":"libs_sdc_etl_libs_api_helpers_apis_ExactTarget_ExactTarget_py.html","relative_filename":"libs/sdc_etl_libs/api_helpers/apis/ExactTarget/ExactTarget.py"}},"libs_sdc_etl_libs_api_helpers_apis_ExactTarget_ExactTargetHelpers_py":{"hash":"b6f3d4ed16deb2793e5032cedbe8d36f","index":{"nums":[1,22,0,16,0,0,0],"html_filename":"libs_sdc_etl_libs_api_helpers_apis_ExactTarget_ExactTargetHelpers_py.html","relative_filename":"libs/sdc_etl_libs/api_helpers/apis/ExactTarget/ExactTargetHelpers.py"}},"libs_sdc_etl_libs_api_helpers_apis_ExactTarget___init___py":{"hash":"af9d0d0de0ea3b71d198bc63f1499a7d","index":{"nums":[1,0,0,0,0,0,0],"html_filename":"libs_sdc_etl_libs_api_helpers_apis_ExactTarget___init___py.html","relative_filename":"libs/sdc_etl_libs/api_helpers/apis/ExactTarget/__init__.py"}},"libs_sdc_etl_libs_api_helpers_apis_Google_EnhancedConversionAlphaAPI_py":{"hash":"9019d594de345463d3c750159d715de6","index":{"nums":[1,58,0,38,0,0,0],"html_filename":"libs_sdc_etl_libs_api_helpers_apis_Google_EnhancedConversionAlphaAPI_py.html","relative_filename":"libs/sdc_etl_libs/api_helpers/apis/Google/EnhancedConversionAlphaAPI.py"}},"libs_sdc_etl_libs_api_helpers_apis_Google___init___py":{"hash":"af9d0d0de0ea3b71d198bc63f1499a7d","index":{"nums":[1,0,0,0,0,0,0],"html_filename":"libs_sdc_etl_libs_api_helpers_apis_Google___init___py.html","relative_filename":"libs/sdc_etl_libs/api_helpers/apis/Google/__init__.py"}},"libs_sdc_etl_libs_api_helpers_apis_Impact_ImpactAPI_py":{"hash":"e85af5f476ca6c0b74b634215a74d06a","index":{"nums":[1,44,0,0,0,0,0],"html_filename":"libs_sdc_etl_libs_api_helpers_apis_Impact_ImpactAPI_py.html","relative_filename":"libs/sdc_etl_libs/api_helpers/apis/Impact/ImpactAPI.py"}},"libs_sdc_etl_libs_api_helpers_apis_Impact___init___py":{"hash":"af9d0d0de0ea3b71d198bc63f1499a7d","index":{"nums":[1,0,0,0,0,0,0],"html_filename":"libs_sdc_etl_libs_api_helpers_apis_Impact___init___py.html","relative_filename":"libs/sdc_etl_libs/api_helpers/apis/Impact/__init__.py"}},"libs_sdc_etl_libs_api_helpers_apis_NewRelic_NewRelic_py":{"hash":"f5402a4a78f341094d345f23e8c776e1","index":{"nums":[1,82,0,20,0,0,0],"html_filename":"libs_sdc_etl_libs_api_helpers_apis_NewRelic_NewRelic_py.html","relative_filename":"libs/sdc_etl_libs/api_helpers/apis/NewRelic/NewRelic.py"}},"libs_sdc_etl_libs_api_helpers_apis_NewRelic___init___py":{"hash":"af9d0d0de0ea3b71d198bc63f1499a7d","index":{"nums":[1,0,0,0,0,0,0],"html_filename":"libs_sdc_etl_libs_api_helpers_apis_NewRelic___init___py.html","relative_filename":"libs/sdc_etl_libs/api_helpers/apis/NewRelic/__init__.py"}},"libs_sdc_etl_libs_api_helpers_apis_Sharepoint___init___py":{"hash":"9ddf881d5a4cbe8b17d01a60c7991060","index":{"nums":[1,0,0,0,0,0,0],"html_filename":"libs_sdc_etl_libs_api_helpers_apis_Sharepoint___init___py.html","relative_filename":"libs/sdc_etl_libs/api_helpers/apis/Sharepoint/__init__.py"}},"libs_sdc_etl_libs_api_helpers_apis_Sharepoint_sharepoint_py":{"hash":"8078eeeb8affbaf5cb1ffeb836ce38be","index":{"nums":[1,99,0,21,0,0,0],"html_filename":"libs_sdc_etl_libs_api_helpers_apis_Sharepoint_sharepoint_py.html","relative_filename":"libs/sdc_etl_libs/api_helpers/apis/Sharepoint/sharepoint.py"}},"libs_sdc_etl_libs_api_helpers_apis_StandardCyborg_StandardCyborgDataPipeline_py":{"hash":"e6cededf3993d03ed1cca59ec684cd7b","index":{"nums":[1,259,0,163,0,0,0],"html_filename":"libs_sdc_etl_libs_api_helpers_apis_StandardCyborg_StandardCyborgDataPipeline_py.html","relative_filename":"libs/sdc_etl_libs/api_helpers/apis/StandardCyborg/StandardCyborgDataPipeline.py"}},"libs_sdc_etl_libs_api_helpers_apis_StandardCyborg_StandardCyborgUtils_py":{"hash":"b64f384bebe25498a1cf0b39a6e59a30","index":{"nums":[1,58,0,11,0,0,0],"html_filename":"libs_sdc_etl_libs_api_helpers_apis_StandardCyborg_StandardCyborgUtils_py.html","relative_filename":"libs/sdc_etl_libs/api_helpers/apis/StandardCyborg/StandardCyborgUtils.py"}},"libs_sdc_etl_libs_api_helpers_apis_StandardCyborg___init___py":{"hash":"af9d0d0de0ea3b71d198bc63f1499a7d","index":{"nums":[1,0,0,0,0,0,0],"html_filename":"libs_sdc_etl_libs_api_helpers_apis_StandardCyborg___init___py.html","relative_filename":"libs/sdc_etl_libs/api_helpers/apis/StandardCyborg/__init__.py"}},"libs_sdc_etl_libs_api_helpers_apis_TikTok_TikTokAPI_py":{"hash":"6030919dec740d8a45d54de47fa21890","index":{"nums":[1,96,0,1,0,0,0],"html_filename":"libs_sdc_etl_libs_api_helpers_apis_TikTok_TikTokAPI_py.html","relative_filename":"libs/sdc_etl_libs/api_helpers/apis/TikTok/TikTokAPI.py"}},"libs_sdc_etl_libs_api_helpers_apis_TikTok___init___py":{"hash":"af9d0d0de0ea3b71d198bc63f1499a7d","index":{"nums":[1,0,0,0,0,0,0],"html_filename":"libs_sdc_etl_libs_api_helpers_apis_TikTok___init___py.html","relative_filename":"libs/sdc_etl_libs/api_helpers/apis/TikTok/__init__.py"}},"libs_sdc_etl_libs_api_helpers_apis_TimeControl_TimeControl_py":{"hash":"1a8d95e435dce3a5869421d025b1a53f","index":{"nums":[1,69,0,7,0,0,0],"html_filename":"libs_sdc_etl_libs_api_helpers_apis_TimeControl_TimeControl_py.html","relative_filename":"libs/sdc_etl_libs/api_helpers/apis/TimeControl/TimeControl.py"}},"libs_sdc_etl_libs_api_helpers_apis_TimeControl___init___py":{"hash":"af9d0d0de0ea3b71d198bc63f1499a7d","index":{"nums":[1,0,0,0,0,0,0],"html_filename":"libs_sdc_etl_libs_api_helpers_apis_TimeControl___init___py.html","relative_filename":"libs/sdc_etl_libs/api_helpers/apis/TimeControl/__init__.py"}},"libs_sdc_etl_libs_api_helpers_apis_UPS_UPS_py":{"hash":"f645415b239bd003a221ce6c560feedb","index":{"nums":[1,90,0,3,0,0,0],"html_filename":"libs_sdc_etl_libs_api_helpers_apis_UPS_UPS_py.html","relative_filename":"libs/sdc_etl_libs/api_helpers/apis/UPS/UPS.py"}},"libs_sdc_etl_libs_api_helpers_apis_UPS___init___py":{"hash":"af9d0d0de0ea3b71d198bc63f1499a7d","index":{"nums":[1,0,0,0,0,0,0],"html_filename":"libs_sdc_etl_libs_api_helpers_apis_UPS___init___py.html","relative_filename":"libs/sdc_etl_libs/api_helpers/apis/UPS/__init__.py"}},"libs_sdc_etl_libs_api_helpers_apis_Ultipro_Ultipro_py":{"hash":"bbad6b45e95fb79f22d512b41732b5ad","index":{"nums":[1,27,0,9,0,0,0],"html_filename":"libs_sdc_etl_libs_api_helpers_apis_Ultipro_Ultipro_py.html","relative_filename":"libs/sdc_etl_libs/api_helpers/apis/Ultipro/Ultipro.py"}},"libs_sdc_etl_libs_api_helpers_apis_Ultipro_UltiproRESTAPIs_py":{"hash":"2c9e6e1b65ca226d62aeec1d93f4ac00","index":{"nums":[1,144,0,87,0,0,0],"html_filename":"libs_sdc_etl_libs_api_helpers_apis_Ultipro_UltiproRESTAPIs_py.html","relative_filename":"libs/sdc_etl_libs/api_helpers/apis/Ultipro/UltiproRESTAPIs.py"}},"libs_sdc_etl_libs_api_helpers_apis_Ultipro_UltiproTimeManagement_py":{"hash":"84f3941d1770a49f52cad43d9af6b86b","index":{"nums":[1,72,0,18,0,0,0],"html_filename":"libs_sdc_etl_libs_api_helpers_apis_Ultipro_UltiproTimeManagement_py.html","relative_filename":"libs/sdc_etl_libs/api_helpers/apis/Ultipro/UltiproTimeManagement.py"}},"libs_sdc_etl_libs_api_helpers_apis_Ultipro___init___py":{"hash":"af9d0d0de0ea3b71d198bc63f1499a7d","index":{"nums":[1,0,0,0,0,0,0],"html_filename":"libs_sdc_etl_libs_api_helpers_apis_Ultipro___init___py.html","relative_filename":"libs/sdc_etl_libs/api_helpers/apis/Ultipro/__init__.py"}},"libs_sdc_etl_libs_api_helpers_apis_Verizon_VerizonAPI_py":{"hash":"2700e6837eb14da182f4e571182e00a0","index":{"nums":[1,167,0,29,0,0,0],"html_filename":"libs_sdc_etl_libs_api_helpers_apis_Verizon_VerizonAPI_py.html","relative_filename":"libs/sdc_etl_libs/api_helpers/apis/Verizon/VerizonAPI.py"}},"libs_sdc_etl_libs_api_helpers_apis_Verizon___init___py":{"hash":"af9d0d0de0ea3b71d198bc63f1499a7d","index":{"nums":[1,0,0,0,0,0,0],"html_filename":"libs_sdc_etl_libs_api_helpers_apis_Verizon___init___py.html","relative_filename":"libs/sdc_etl_libs/api_helpers/apis/Verizon/__init__.py"}},"libs_sdc_etl_libs_api_helpers_apis___init___py":{"hash":"af9d0d0de0ea3b71d198bc63f1499a7d","index":{"nums":[1,0,0,0,0,0,0],"html_filename":"libs_sdc_etl_libs_api_helpers_apis___init___py.html","relative_filename":"libs/sdc_etl_libs/api_helpers/apis/__init__.py"}},"libs_sdc_etl_libs_aws_helpers___init___py":{"hash":"af9d0d0de0ea3b71d198bc63f1499a7d","index":{"nums":[1,0,0,0,0,0,0],"html_filename":"libs_sdc_etl_libs_aws_helpers___init___py.html","relative_filename":"libs/sdc_etl_libs/aws_helpers/__init__.py"}},"libs_sdc_etl_libs_aws_helpers_aws_exceptions_py":{"hash":"645e6dd0d1458c81efecdd598e145d74","index":{"nums":[1,2,0,0,0,0,0],"html_filename":"libs_sdc_etl_libs_aws_helpers_aws_exceptions_py.html","relative_filename":"libs/sdc_etl_libs/aws_helpers/aws_exceptions.py"}},"libs_sdc_etl_libs_aws_helpers_aws_helpers_py":{"hash":"d1008a76d7376fadc436c54f14556789","index":{"nums":[1,385,0,328,0,0,0],"html_filename":"libs_sdc_etl_libs_aws_helpers_aws_helpers_py.html","relative_filename":"libs/sdc_etl_libs/aws_helpers/aws_helpers.py"}},"libs_sdc_etl_libs_database_helpers_Database_py":{"hash":"11efe841238088e879ee043e2bb5eedf","index":{"nums":[1,23,0,6,0,0,0],"html_filename":"libs_sdc_etl_libs_database_helpers_Database_py.html","relative_filename":"libs/sdc_etl_libs/database_helpers/Database.py"}},"libs_sdc_etl_libs_database_helpers_DatabaseFactory_py":{"hash":"38f8fcd1bfc297dd60bd03d4467f5a2e","index":{"nums":[1,21,0,11,0,0,0],"html_filename":"libs_sdc_etl_libs_database_helpers_DatabaseFactory_py.html","relative_filename":"libs/sdc_etl_libs/database_helpers/DatabaseFactory.py"}},"libs_sdc_etl_libs_database_helpers_ODBCDatabase_py":{"hash":"24d4e52726e07ec9beeb447ceca05cea","index":{"nums":[1,96,0,77,0,0,0],"html_filename":"libs_sdc_etl_libs_database_helpers_ODBCDatabase_py.html","relative_filename":"libs/sdc_etl_libs/database_helpers/ODBCDatabase.py"}},"libs_sdc_etl_libs_database_helpers_ODBCNetsuite_py":{"hash":"70ec996a1a8f747de39b02139b114d1c","index":{"nums":[1,22,0,13,0,0,0],"html_filename":"libs_sdc_etl_libs_database_helpers_ODBCNetsuite_py.html","relative_filename":"libs/sdc_etl_libs/database_helpers/ODBCNetsuite.py"}},"libs_sdc_etl_libs_database_helpers_SDCQueryHelpers_py":{"hash":"91682c33a16024baf4ef929e4e61be89","index":{"nums":[1,49,0,39,0,0,0],"html_filename":"libs_sdc_etl_libs_database_helpers_SDCQueryHelpers_py.html","relative_filename":"libs/sdc_etl_libs/database_helpers/SDCQueryHelpers.py"}},"libs_sdc_etl_libs_database_helpers_Snowflake___init___py":{"hash":"af9d0d0de0ea3b71d198bc63f1499a7d","index":{"nums":[1,0,0,0,0,0,0],"html_filename":"libs_sdc_etl_libs_database_helpers_Snowflake___init___py.html","relative_filename":"libs/sdc_etl_libs/database_helpers/Snowflake/__init__.py"}},"libs_sdc_etl_libs_database_helpers_Snowflake_snowflake_ddl_helpers_py":{"hash":"82e634feb7fc67d93570c9474414aa21","index":{"nums":[1,74,0,55,0,0,0],"html_filename":"libs_sdc_etl_libs_database_helpers_Snowflake_snowflake_ddl_helpers_py.html","relative_filename":"libs/sdc_etl_libs/database_helpers/Snowflake/snowflake_ddl_helpers.py"}},"libs_sdc_etl_libs_database_helpers_SnowflakeDatabase_py":{"hash":"13107a6799ffa349910141131855893f","index":{"nums":[1,232,0,173,0,0,0],"html_filename":"libs_sdc_etl_libs_database_helpers_SnowflakeDatabase_py.html","relative_filename":"libs/sdc_etl_libs/database_helpers/SnowflakeDatabase.py"}},"libs_sdc_etl_libs_database_helpers___init___py":{"hash":"af9d0d0de0ea3b71d198bc63f1499a7d","index":{"nums":[1,0,0,0,0,0,0],"html_filename":"libs_sdc_etl_libs_database_helpers___init___py.html","relative_filename":"libs/sdc_etl_libs/database_helpers/__init__.py"}},"libs_sdc_etl_libs_hashicorp_helpers___init___py":{"hash":"af9d0d0de0ea3b71d198bc63f1499a7d","index":{"nums":[1,0,0,0,0,0,0],"html_filename":"libs_sdc_etl_libs_hashicorp_helpers___init___py.html","relative_filename":"libs/sdc_etl_libs/hashicorp_helpers/__init__.py"}},"libs_sdc_etl_libs_hashicorp_helpers_hashicorp_enums_py":{"hash":"15d5cb4fa3d85b79df11701335bde652","index":{"nums":[1,5,0,0,0,0,0],"html_filename":"libs_sdc_etl_libs_hashicorp_helpers_hashicorp_enums_py.html","relative_filename":"libs/sdc_etl_libs/hashicorp_helpers/hashicorp_enums.py"}},"libs_sdc_etl_libs_hashicorp_helpers_vault_py":{"hash":"3628628cab5b18a37c4c03e2b8cbc8c1","index":{"nums":[1,64,0,51,0,0,0],"html_filename":"libs_sdc_etl_libs_hashicorp_helpers_vault_py.html","relative_filename":"libs/sdc_etl_libs/hashicorp_helpers/vault.py"}},"libs_sdc_etl_libs_pgp_helpers___init___py":{"hash":"af9d0d0de0ea3b71d198bc63f1499a7d","index":{"nums":[1,0,0,0,0,0,0],"html_filename":"libs_sdc_etl_libs_pgp_helpers___init___py.html","relative_filename":"libs/sdc_etl_libs/pgp_helpers/__init__.py"}},"libs_sdc_etl_libs_pgp_helpers_local_pgp_py":{"hash":"98968a2d0cdcff08b849598dc7b681ab","index":{"nums":[1,63,0,32,0,0,0],"html_filename":"libs_sdc_etl_libs_pgp_helpers_local_pgp_py.html","relative_filename":"libs/sdc_etl_libs/pgp_helpers/local_pgp.py"}},"libs_sdc_etl_libs_pgp_helpers_pgp_py":{"hash":"6240cc79365bd940a369183c539ed877","index":{"nums":[1,21,0,9,0,0,0],"html_filename":"libs_sdc_etl_libs_pgp_helpers_pgp_py.html","relative_filename":"libs/sdc_etl_libs/pgp_helpers/pgp.py"}},"libs_sdc_etl_libs_sdc_credentials___init___py":{"hash":"af9d0d0de0ea3b71d198bc63f1499a7d","index":{"nums":[1,0,0,0,0,0,0],"html_filename":"libs_sdc_etl_libs_sdc_credentials___init___py.html","relative_filename":"libs/sdc_etl_libs/sdc_credentials/__init__.py"}},"libs_sdc_etl_libs_sdc_credentials_sdc_endpoint_credentials_py":{"hash":"d0e34db0cc794805a507be77b13c221c","index":{"nums":[1,56,0,11,0,0,0],"html_filename":"libs_sdc_etl_libs_sdc_credentials_sdc_endpoint_credentials_py.html","relative_filename":"libs/sdc_etl_libs/sdc_credentials/sdc_endpoint_credentials.py"}},"libs_sdc_etl_libs_sdc_credentials_secrets_enum_py":{"hash":"ae02ba165c3d10c55a41698198e89d26","index":{"nums":[1,4,0,0,0,0,0],"html_filename":"libs_sdc_etl_libs_sdc_credentials_secrets_enum_py.html","relative_filename":"libs/sdc_etl_libs/sdc_credentials/secrets_enum.py"}},"libs_sdc_etl_libs_sdc_data_exchange_SDCDataExchange_py":{"hash":"8c1d8f9ba26950be8c886ac7144de657","index":{"nums":[1,387,0,318,0,0,0],"html_filename":"libs_sdc_etl_libs_sdc_data_exchange_SDCDataExchange_py.html","relative_filename":"libs/sdc_etl_libs/sdc_data_exchange/SDCDataExchange.py"}},"libs_sdc_etl_libs_sdc_data_exchange_SDCDataExchangeEndpoint_py":{"hash":"0583fe12a8733e3a39b26ae530894d72","index":{"nums":[1,17,0,9,0,0,0],"html_filename":"libs_sdc_etl_libs_sdc_data_exchange_SDCDataExchangeEndpoint_py.html","relative_filename":"libs/sdc_etl_libs/sdc_data_exchange/SDCDataExchangeEndpoint.py"}},"libs_sdc_etl_libs_sdc_data_exchange_SDCDataExchangeEndpointFactory_py":{"hash":"e19026377caf24f82879911dc324f9c9","index":{"nums":[1,23,0,13,0,0,0],"html_filename":"libs_sdc_etl_libs_sdc_data_exchange_SDCDataExchangeEndpointFactory_py.html","relative_filename":"libs/sdc_etl_libs/sdc_data_exchange/SDCDataExchangeEndpointFactory.py"}},"libs_sdc_etl_libs_sdc_data_exchange_SDCDataExchangeEnums_py":{"hash":"e1298baabfbebb50307dd6b0f0a129fa","index":{"nums":[1,35,0,0,0,0,0],"html_filename":"libs_sdc_etl_libs_sdc_data_exchange_SDCDataExchangeEnums_py.html","relative_filename":"libs/sdc_etl_libs/sdc_data_exchange/SDCDataExchangeEnums.py"}},"libs_sdc_etl_libs_sdc_data_exchange___init___py":{"hash":"af9d0d0de0ea3b71d198bc63f1499a7d","index":{"nums":[1,0,0,0,0,0,0],"html_filename":"libs_sdc_etl_libs_sdc_data_exchange___init___py.html","relative_filename":"libs/sdc_etl_libs/sdc_data_exchange/__init__.py"}},"libs_sdc_etl_libs_sdc_data_exchange_loggers_SDCLoggerFactory_py":{"hash":"a638173a1fdd30956003cdd13e9ce4b9","index":{"nums":[1,8,0,4,0,0,0],"html_filename":"libs_sdc_etl_libs_sdc_data_exchange_loggers_SDCLoggerFactory_py.html","relative_filename":"libs/sdc_etl_libs/sdc_data_exchange_loggers/SDCLoggerFactory.py"}},"libs_sdc_etl_libs_sdc_data_exchange_loggers_SDCSnowflakeLogger_SDCSnowflakeLogger_py":{"hash":"f3c1177829159f6be9c49f23dfb84b08","index":{"nums":[1,268,0,49,0,0,0],"html_filename":"libs_sdc_etl_libs_sdc_data_exchange_loggers_SDCSnowflakeLogger_SDCSnowflakeLogger_py.html","relative_filename":"libs/sdc_etl_libs/sdc_data_exchange_loggers/SDCSnowflakeLogger/SDCSnowflakeLogger.py"}},"libs_sdc_etl_libs_sdc_data_exchange_loggers_SDCSnowflakeLogger_SDCSnowflakeLoggerEnums_py":{"hash":"1d162ab65f3c6397a8725cab9dcf92c8","index":{"nums":[1,148,0,0,0,0,0],"html_filename":"libs_sdc_etl_libs_sdc_data_exchange_loggers_SDCSnowflakeLogger_SDCSnowflakeLoggerEnums_py.html","relative_filename":"libs/sdc_etl_libs/sdc_data_exchange_loggers/SDCSnowflakeLogger/SDCSnowflakeLoggerEnums.py"}},"libs_sdc_etl_libs_sdc_data_exchange_loggers_SDCSnowflakeLogger___init___py":{"hash":"af9d0d0de0ea3b71d198bc63f1499a7d","index":{"nums":[1,0,0,0,0,0,0],"html_filename":"libs_sdc_etl_libs_sdc_data_exchange_loggers_SDCSnowflakeLogger___init___py.html","relative_filename":"libs/sdc_etl_libs/sdc_data_exchange_loggers/SDCSnowflakeLogger/__init__.py"}},"libs_sdc_etl_libs_sdc_data_exchange_loggers___init___py":{"hash":"af9d0d0de0ea3b71d198bc63f1499a7d","index":{"nums":[1,0,0,0,0,0,0],"html_filename":"libs_sdc_etl_libs_sdc_data_exchange_loggers___init___py.html","relative_filename":"libs/sdc_etl_libs/sdc_data_exchange_loggers/__init__.py"}},"libs_sdc_etl_libs_sdc_data_schema___init___py":{"hash":"af9d0d0de0ea3b71d198bc63f1499a7d","index":{"nums":[1,0,0,0,0,0,0],"html_filename":"libs_sdc_etl_libs_sdc_data_schema___init___py.html","relative_filename":"libs/sdc_etl_libs/sdc_data_schema/__init__.py"}},"libs_sdc_etl_libs_sdc_data_schema_schema_enums_py":{"hash":"8e3558b8ccbe3e08a7ab9d49a4a4b1b0","index":{"nums":[1,413,0,0,0,0,0],"html_filename":"libs_sdc_etl_libs_sdc_data_schema_schema_enums_py.html","relative_filename":"libs/sdc_etl_libs/sdc_data_schema/schema_enums.py"}},"libs_sdc_etl_libs_sdc_data_schema_schema_exceptions_py":{"hash":"64ec4943730aec0b12828c9c37ee8086","index":{"nums":[1,12,0,0,0,0,0],"html_filename":"libs_sdc_etl_libs_sdc_data_schema_schema_exceptions_py.html","relative_filename":"libs/sdc_etl_libs/sdc_data_schema/schema_exceptions.py"}},"libs_sdc_etl_libs_sdc_data_schema_schema_test_enums_py":{"hash":"f00361980cdc99b3be7f174f9b76bcc8","index":{"nums":[1,75,0,0,0,0,0],"html_filename":"libs_sdc_etl_libs_sdc_data_schema_schema_test_enums_py.html","relative_filename":"libs/sdc_etl_libs/sdc_data_schema/schema_test_enums.py"}},"libs_sdc_etl_libs_sdc_data_schema_schema_toolbox_py":{"hash":"5f061117e3844198ed80e679bc62d1b5","index":{"nums":[1,184,0,109,0,0,0],"html_filename":"libs_sdc_etl_libs_sdc_data_schema_schema_toolbox_py.html","relative_filename":"libs/sdc_etl_libs/sdc_data_schema/schema_toolbox.py"}},"libs_sdc_etl_libs_sdc_data_schema_schema_toolbox_enums_py":{"hash":"643240c8e37b8817313303565d1c60ef","index":{"nums":[1,18,0,0,0,0,0],"html_filename":"libs_sdc_etl_libs_sdc_data_schema_schema_toolbox_enums_py.html","relative_filename":"libs/sdc_etl_libs/sdc_data_schema/schema_toolbox_enums.py"}},"libs_sdc_etl_libs_sdc_data_schema_schema_validation_py":{"hash":"a8a9fe53ce735738bf733962d8bdc026","index":{"nums":[1,377,0,26,0,0,0],"html_filename":"libs_sdc_etl_libs_sdc_data_schema_schema_validation_py.html","relative_filename":"libs/sdc_etl_libs/sdc_data_schema/schema_validation.py"}},"libs_sdc_etl_libs_sdc_data_validation___init___py":{"hash":"af9d0d0de0ea3b71d198bc63f1499a7d","index":{"nums":[1,0,0,0,0,0,0],"html_filename":"libs_sdc_etl_libs_sdc_data_validation___init___py.html","relative_filename":"libs/sdc_etl_libs/sdc_data_validation/__init__.py"}},"libs_sdc_etl_libs_sdc_data_validation_data_validation_py":{"hash":"f741c4a97f2ef87e7078623bce0eb284","index":{"nums":[1,125,0,38,0,0,0],"html_filename":"libs_sdc_etl_libs_sdc_data_validation_data_validation_py.html","relative_filename":"libs/sdc_etl_libs/sdc_data_validation/data_validation.py"}},"libs_sdc_etl_libs_sdc_data_validation_data_validation_enums_py":{"hash":"98389d269fc0e13a04854512d62a0057","index":{"nums":[1,12,0,0,0,0,0],"html_filename":"libs_sdc_etl_libs_sdc_data_validation_data_validation_enums_py.html","relative_filename":"libs/sdc_etl_libs/sdc_data_validation/data_validation_enums.py"}},"libs_sdc_etl_libs_sdc_data_validation_data_validation_exceptions_py":{"hash":"fd4410c4e1dec3236fc4fc6c3ebf20e9","index":{"nums":[1,7,0,2,0,0,0],"html_filename":"libs_sdc_etl_libs_sdc_data_validation_data_validation_exceptions_py.html","relative_filename":"libs/sdc_etl_libs/sdc_data_validation/data_validation_exceptions.py"}},"libs_sdc_etl_libs_sdc_data_validation_data_validation_quality_test_py":{"hash":"2ba8b89d3eb94fcd69497502b0797dd7","index":{"nums":[1,16,0,12,0,0,0],"html_filename":"libs_sdc_etl_libs_sdc_data_validation_data_validation_quality_test_py.html","relative_filename":"libs/sdc_etl_libs/sdc_data_validation/data_validation_quality_test.py"}},"libs_sdc_etl_libs_sdc_data_validation_data_validation_test_py":{"hash":"2a6cd26789f83db41d2709c35c65538a","index":{"nums":[1,36,0,12,0,0,0],"html_filename":"libs_sdc_etl_libs_sdc_data_validation_data_validation_test_py.html","relative_filename":"libs/sdc_etl_libs/sdc_data_validation/data_validation_test.py"}},"libs_sdc_etl_libs_sdc_data_validation_data_validation_test_enums_py":{"hash":"3bb38ba24180356eff7a2259288f4849","index":{"nums":[1,6,0,0,0,0,0],"html_filename":"libs_sdc_etl_libs_sdc_data_validation_data_validation_test_enums_py.html","relative_filename":"libs/sdc_etl_libs/sdc_data_validation/data_validation_test_enums.py"}},"libs_sdc_etl_libs_sdc_data_validation_data_validation_test_factory_py":{"hash":"b572b89c4786911f312d24f0049fb0ff","index":{"nums":[1,13,0,1,0,0,0],"html_filename":"libs_sdc_etl_libs_sdc_data_validation_data_validation_test_factory_py.html","relative_filename":"libs/sdc_etl_libs/sdc_data_validation/data_validation_test_factory.py"}},"libs_sdc_etl_libs_sdc_data_validation_data_validation_toolbox_py":{"hash":"02a57892cd80c6ba0b404579ef8a97c8","index":{"nums":[1,32,0,2,0,0,0],"html_filename":"libs_sdc_etl_libs_sdc_data_validation_data_validation_toolbox_py.html","relative_filename":"libs/sdc_etl_libs/sdc_data_validation/data_validation_toolbox.py"}},"libs_sdc_etl_libs_sdc_data_validation_validation_tests___init___py":{"hash":"af9d0d0de0ea3b71d198bc63f1499a7d","index":{"nums":[1,0,0,0,0,0,0],"html_filename":"libs_sdc_etl_libs_sdc_data_validation_validation_tests___init___py.html","relative_filename":"libs/sdc_etl_libs/sdc_data_validation/validation_tests/__init__.py"}},"libs_sdc_etl_libs_sdc_data_validation_validation_tests_column_check_py":{"hash":"47d70f5d30720f6411d081f9cc6bf31e","index":{"nums":[1,71,0,58,0,0,0],"html_filename":"libs_sdc_etl_libs_sdc_data_validation_validation_tests_column_check_py.html","relative_filename":"libs/sdc_etl_libs/sdc_data_validation/validation_tests/column_check.py"}},"libs_sdc_etl_libs_sdc_data_validation_validation_tests_column_unique_py":{"hash":"6f05bf983709bf5a637bc01d5be84973","index":{"nums":[1,42,0,19,0,0,0],"html_filename":"libs_sdc_etl_libs_sdc_data_validation_validation_tests_column_unique_py.html","relative_filename":"libs/sdc_etl_libs/sdc_data_validation/validation_tests/column_unique.py"}},"libs_sdc_etl_libs_sdc_dataframe_Dataframe_py":{"hash":"bfb74590bba5e76436e9ee56d840b5e8","index":{"nums":[1,524,0,262,0,0,0],"html_filename":"libs_sdc_etl_libs_sdc_dataframe_Dataframe_py.html","relative_filename":"libs/sdc_etl_libs/sdc_dataframe/Dataframe.py"}},"libs_sdc_etl_libs_sdc_dataframe_SDCDataframeEnums_py":{"hash":"5255c89e7714eef9ee11cc35068fc782","index":{"nums":[1,28,0,0,0,0,0],"html_filename":"libs_sdc_etl_libs_sdc_dataframe_SDCDataframeEnums_py.html","relative_filename":"libs/sdc_etl_libs/sdc_dataframe/SDCDataframeEnums.py"}},"libs_sdc_etl_libs_sdc_dataframe___init___py":{"hash":"af9d0d0de0ea3b71d198bc63f1499a7d","index":{"nums":[1,0,0,0,0,0,0],"html_filename":"libs_sdc_etl_libs_sdc_dataframe___init___py.html","relative_filename":"libs/sdc_etl_libs/sdc_dataframe/__init__.py"}},"libs_sdc_etl_libs_sdc_dataframe_sdc_dataframe_helpers_py":{"hash":"eb5b5634dd35cf5e8fd3721fb8e8f10c","index":{"nums":[1,51,0,24,0,0,0],"html_filename":"libs_sdc_etl_libs_sdc_dataframe_sdc_dataframe_helpers_py.html","relative_filename":"libs/sdc_etl_libs/sdc_dataframe/sdc_dataframe_helpers.py"}},"libs_sdc_etl_libs_sdc_dataframe_udfs_SDCUDF_py":{"hash":"6e17d6101a1cb4bf1fea7e89329f2854","index":{"nums":[1,3,0,1,0,0,0],"html_filename":"libs_sdc_etl_libs_sdc_dataframe_udfs_SDCUDF_py.html","relative_filename":"libs/sdc_etl_libs/sdc_dataframe/udfs/SDCUDF.py"}},"libs_sdc_etl_libs_sdc_dataframe_udfs_UDFFactory_py":{"hash":"132b97daeae7b93d57f3d093b47fec4c","index":{"nums":[1,15,0,3,0,0,0],"html_filename":"libs_sdc_etl_libs_sdc_dataframe_udfs_UDFFactory_py.html","relative_filename":"libs/sdc_etl_libs/sdc_dataframe/udfs/UDFFactory.py"}},"libs_sdc_etl_libs_sdc_dataframe_udfs___init___py":{"hash":"af9d0d0de0ea3b71d198bc63f1499a7d","index":{"nums":[1,0,0,0,0,0,0],"html_filename":"libs_sdc_etl_libs_sdc_dataframe_udfs___init___py.html","relative_filename":"libs/sdc_etl_libs/sdc_dataframe/udfs/__init__.py"}},"libs_sdc_etl_libs_sdc_dataframe_udfs_pandas_CollapseColumnsPandasUDF_py":{"hash":"291f8ce8b79b2ca62290852891c9253e","index":{"nums":[1,18,0,0,0,0,0],"html_filename":"libs_sdc_etl_libs_sdc_dataframe_udfs_pandas_CollapseColumnsPandasUDF_py.html","relative_filename":"libs/sdc_etl_libs/sdc_dataframe/udfs/pandas/CollapseColumnsPandasUDF.py"}},"libs_sdc_etl_libs_sdc_dataframe_udfs_pandas_ConcatColumnsPandasUDF_py":{"hash":"e6e8bdcf9e281ea125028023c90fd2bf","index":{"nums":[1,4,0,0,0,0,0],"html_filename":"libs_sdc_etl_libs_sdc_dataframe_udfs_pandas_ConcatColumnsPandasUDF_py.html","relative_filename":"libs/sdc_etl_libs/sdc_dataframe/udfs/pandas/ConcatColumnsPandasUDF.py"}},"libs_sdc_etl_libs_sdc_dataframe_udfs_pandas_ConvertToDatetimePandasUDF_py":{"hash":"99ce3284021b677768cc3a0093a4e53a","index":{"nums":[1,12,0,1,0,0,0],"html_filename":"libs_sdc_etl_libs_sdc_dataframe_udfs_pandas_ConvertToDatetimePandasUDF_py.html","relative_filename":"libs/sdc_etl_libs/sdc_dataframe/udfs/pandas/ConvertToDatetimePandasUDF.py"}},"libs_sdc_etl_libs_sdc_dataframe_udfs_pandas_MD5HashRowPandasUDF_py":{"hash":"07bed3228a919b2a7368061ccbbbbb81","index":{"nums":[1,5,0,0,0,0,0],"html_filename":"libs_sdc_etl_libs_sdc_dataframe_udfs_pandas_MD5HashRowPandasUDF_py.html","relative_filename":"libs/sdc_etl_libs/sdc_dataframe/udfs/pandas/MD5HashRowPandasUDF.py"}},"libs_sdc_etl_libs_sdc_dataframe_udfs_pandas_PandasUDF_py":{"hash":"3374594f52476dcf1adcacb8c2b934b2","index":{"nums":[1,3,0,0,0,0,0],"html_filename":"libs_sdc_etl_libs_sdc_dataframe_udfs_pandas_PandasUDF_py.html","relative_filename":"libs/sdc_etl_libs/sdc_dataframe/udfs/pandas/PandasUDF.py"}},"libs_sdc_etl_libs_sdc_dataframe_udfs_pandas___init___py":{"hash":"af9d0d0de0ea3b71d198bc63f1499a7d","index":{"nums":[1,0,0,0,0,0,0],"html_filename":"libs_sdc_etl_libs_sdc_dataframe_udfs_pandas___init___py.html","relative_filename":"libs/sdc_etl_libs/sdc_dataframe/udfs/pandas/__init__.py"}},"libs_sdc_etl_libs_sdc_exchange_endpoints___init___py":{"hash":"af9d0d0de0ea3b71d198bc63f1499a7d","index":{"nums":[1,0,0,0,0,0,0],"html_filename":"libs_sdc_etl_libs_sdc_exchange_endpoints___init___py.html","relative_filename":"libs/sdc_etl_libs/sdc_exchange_endpoints/__init__.py"}},"libs_sdc_etl_libs_sdc_exchange_endpoints_database_endpoints_SDCColumnCleanseStylesEnums_py":{"hash":"2338306590293109cbc7242739fe07a4","index":{"nums":[1,16,0,0,0,0,0],"html_filename":"libs_sdc_etl_libs_sdc_exchange_endpoints_database_endpoints_SDCColumnCleanseStylesEnums_py.html","relative_filename":"libs/sdc_etl_libs/sdc_exchange_endpoints/database_endpoints/SDCColumnCleanseStylesEnums.py"}},"libs_sdc_etl_libs_sdc_exchange_endpoints_database_endpoints_SDCSnowflakeEndpoint_py":{"hash":"68a2c9ab89f256e9680867ff8b7bcca7","index":{"nums":[1,167,0,110,0,0,0],"html_filename":"libs_sdc_etl_libs_sdc_exchange_endpoints_database_endpoints_SDCSnowflakeEndpoint_py.html","relative_filename":"libs/sdc_etl_libs/sdc_exchange_endpoints/database_endpoints/SDCSnowflakeEndpoint.py"}},"libs_sdc_etl_libs_sdc_exchange_endpoints_database_endpoints___init___py":{"hash":"af9d0d0de0ea3b71d198bc63f1499a7d","index":{"nums":[1,0,0,0,0,0,0],"html_filename":"libs_sdc_etl_libs_sdc_exchange_endpoints_database_endpoints___init___py.html","relative_filename":"libs/sdc_etl_libs/sdc_exchange_endpoints/database_endpoints/__init__.py"}},"libs_sdc_etl_libs_sdc_exchange_endpoints_file_endpoints_SDCSFTPEndpoint_py":{"hash":"b6318cfd3f400792cdfaba2e86734aa1","index":{"nums":[1,140,0,87,0,0,0],"html_filename":"libs_sdc_etl_libs_sdc_exchange_endpoints_file_endpoints_SDCSFTPEndpoint_py.html","relative_filename":"libs/sdc_etl_libs/sdc_exchange_endpoints/file_endpoints/SDCSFTPEndpoint.py"}},"libs_sdc_etl_libs_sdc_exchange_endpoints_file_endpoints___init___py":{"hash":"af9d0d0de0ea3b71d198bc63f1499a7d","index":{"nums":[1,0,0,0,0,0,0],"html_filename":"libs_sdc_etl_libs_sdc_exchange_endpoints_file_endpoints___init___py.html","relative_filename":"libs/sdc_etl_libs/sdc_exchange_endpoints/file_endpoints/__init__.py"}},"libs_sdc_etl_libs_sdc_file_helpers_SDCAvroFile_py":{"hash":"35168315f226c960c46935ccb378a719","index":{"nums":[1,26,0,1,0,0,0],"html_filename":"libs_sdc_etl_libs_sdc_file_helpers_SDCAvroFile_py.html","relative_filename":"libs/sdc_etl_libs/sdc_file_helpers/SDCAvroFile.py"}},"libs_sdc_etl_libs_sdc_file_helpers_SDCCSVFile_py":{"hash":"6b4ee90f367d0f5c39cea50c07b10871","index":{"nums":[1,84,0,8,0,0,0],"html_filename":"libs_sdc_etl_libs_sdc_file_helpers_SDCCSVFile_py.html","relative_filename":"libs/sdc_etl_libs/sdc_file_helpers/SDCCSVFile.py"}},"libs_sdc_etl_libs_sdc_file_helpers_SDCEDIFile_py":{"hash":"be3b593cf223cd5a1c31c977d3cf9d5c","index":{"nums":[1,44,0,2,0,0,0],"html_filename":"libs_sdc_etl_libs_sdc_file_helpers_SDCEDIFile_py.html","relative_filename":"libs/sdc_etl_libs/sdc_file_helpers/SDCEDIFile.py"}},"libs_sdc_etl_libs_sdc_file_helpers_SDCExcelFile_py":{"hash":"d1bc110877ae3109d2a3b67745865f3e","index":{"nums":[1,36,0,1,0,0,0],"html_filename":"libs_sdc_etl_libs_sdc_file_helpers_SDCExcelFile_py.html","relative_filename":"libs/sdc_etl_libs/sdc_file_helpers/SDCExcelFile.py"}},"libs_sdc_etl_libs_sdc_file_helpers_SDCFile_py":{"hash":"8cb9455f0d9d8b49200987ce60e529de","index":{"nums":[1,23,0,3,0,0,0],"html_filename":"libs_sdc_etl_libs_sdc_file_helpers_SDCFile_py.html","relative_filename":"libs/sdc_etl_libs/sdc_file_helpers/SDCFile.py"}},"libs_sdc_etl_libs_sdc_file_helpers_SDCFileFactory_py":{"hash":"37ff31d9edd5f02e8922ff94464805d7","index":{"nums":[1,42,0,17,0,0,0],"html_filename":"libs_sdc_etl_libs_sdc_file_helpers_SDCFileFactory_py.html","relative_filename":"libs/sdc_etl_libs/sdc_file_helpers/SDCFileFactory.py"}},"libs_sdc_etl_libs_sdc_file_helpers_SDCFileHelpers_py":{"hash":"f536374510c92349a5a0c899f630446f","index":{"nums":[1,114,0,79,0,0,0],"html_filename":"libs_sdc_etl_libs_sdc_file_helpers_SDCFileHelpers_py.html","relative_filename":"libs/sdc_etl_libs/sdc_file_helpers/SDCFileHelpers.py"}},"libs_sdc_etl_libs_sdc_file_helpers_SDCFileNameHelpers_py":{"hash":"99769c391e394a1e5c4d269d7c69f982","index":{"nums":[1,44,0,6,0,0,0],"html_filename":"libs_sdc_etl_libs_sdc_file_helpers_SDCFileNameHelpers_py.html","relative_filename":"libs/sdc_etl_libs/sdc_file_helpers/SDCFileNameHelpers.py"}},"libs_sdc_etl_libs_sdc_file_helpers_SDCJsonFile_py":{"hash":"83a96e2325b9c6a2061363a4822b85a3","index":{"nums":[1,63,0,22,0,0,0],"html_filename":"libs_sdc_etl_libs_sdc_file_helpers_SDCJsonFile_py.html","relative_filename":"libs/sdc_etl_libs/sdc_file_helpers/SDCJsonFile.py"}},"libs_sdc_etl_libs_sdc_file_helpers_SDCJsonFileHelpers_py":{"hash":"110039b9ae7dd00ffa68e2b584478ba5","index":{"nums":[1,15,0,2,0,0,0],"html_filename":"libs_sdc_etl_libs_sdc_file_helpers_SDCJsonFileHelpers_py.html","relative_filename":"libs/sdc_etl_libs/sdc_file_helpers/SDCJsonFileHelpers.py"}},"libs_sdc_etl_libs_sdc_file_helpers_SDCParquetFile_py":{"hash":"db8847d44d785041b563e910d4a0d42f","index":{"nums":[1,30,0,13,0,0,0],"html_filename":"libs_sdc_etl_libs_sdc_file_helpers_SDCParquetFile_py.html","relative_filename":"libs/sdc_etl_libs/sdc_file_helpers/SDCParquetFile.py"}},"libs_sdc_etl_libs_sdc_file_helpers_TechnicalStandards_EDI_SDCEDIConverter_py":{"hash":"bc16df357c2d4363b63af8cc70ce99a4","index":{"nums":[1,4,0,1,0,0,0],"html_filename":"libs_sdc_etl_libs_sdc_file_helpers_TechnicalStandards_EDI_SDCEDIConverter_py.html","relative_filename":"libs/sdc_etl_libs/sdc_file_helpers/TechnicalStandards/EDI/SDCEDIConverter.py"}},"libs_sdc_etl_libs_sdc_file_helpers_TechnicalStandards_EDI_SDCEDIConverterFactory_py":{"hash":"d49ebefe1f0e0ac8e83430eac0af2b21","index":{"nums":[1,11,0,3,0,0,0],"html_filename":"libs_sdc_etl_libs_sdc_file_helpers_TechnicalStandards_EDI_SDCEDIConverterFactory_py.html","relative_filename":"libs/sdc_etl_libs/sdc_file_helpers/TechnicalStandards/EDI/SDCEDIConverterFactory.py"}},"libs_sdc_etl_libs_sdc_file_helpers_TechnicalStandards_EDI_SDCEDIExceptions_py":{"hash":"d658f5229a0b521f2b8e204f7aab65c0","index":{"nums":[1,2,0,0,0,0,0],"html_filename":"libs_sdc_etl_libs_sdc_file_helpers_TechnicalStandards_EDI_SDCEDIExceptions_py.html","relative_filename":"libs/sdc_etl_libs/sdc_file_helpers/TechnicalStandards/EDI/SDCEDIExceptions.py"}},"libs_sdc_etl_libs_sdc_file_helpers_TechnicalStandards_EDI_SDCEDIObject_py":{"hash":"b4ff3948812c7c18340197a06aa77c82","index":{"nums":[1,111,0,12,0,0,0],"html_filename":"libs_sdc_etl_libs_sdc_file_helpers_TechnicalStandards_EDI_SDCEDIObject_py.html","relative_filename":"libs/sdc_etl_libs/sdc_file_helpers/TechnicalStandards/EDI/SDCEDIObject.py"}},"libs_sdc_etl_libs_sdc_file_helpers_TechnicalStandards_EDI_SDCEDIPandasConverter_py":{"hash":"725502b40e36489ab82b326a2cbe5e50","index":{"nums":[1,70,0,11,0,0,0],"html_filename":"libs_sdc_etl_libs_sdc_file_helpers_TechnicalStandards_EDI_SDCEDIPandasConverter_py.html","relative_filename":"libs/sdc_etl_libs/sdc_file_helpers/TechnicalStandards/EDI/SDCEDIPandasConverter.py"}},"libs_sdc_etl_libs_sdc_file_helpers_TechnicalStandards_EDI_SDCEDISparkConverter_py":{"hash":"279f5fac68b3a4e9925904deb31d0920","index":{"nums":[1,10,0,5,0,0,0],"html_filename":"libs_sdc_etl_libs_sdc_file_helpers_TechnicalStandards_EDI_SDCEDISparkConverter_py.html","relative_filename":"libs/sdc_etl_libs/sdc_file_helpers/TechnicalStandards/EDI/SDCEDISparkConverter.py"}},"libs_sdc_etl_libs_sdc_file_helpers_TechnicalStandards_EDI___init___py":{"hash":"af9d0d0de0ea3b71d198bc63f1499a7d","index":{"nums":[1,0,0,0,0,0,0],"html_filename":"libs_sdc_etl_libs_sdc_file_helpers_TechnicalStandards_EDI___init___py.html","relative_filename":"libs/sdc_etl_libs/sdc_file_helpers/TechnicalStandards/EDI/__init__.py"}},"libs_sdc_etl_libs_sdc_file_helpers_TechnicalStandards___init___py":{"hash":"af9d0d0de0ea3b71d198bc63f1499a7d","index":{"nums":[1,0,0,0,0,0,0],"html_filename":"libs_sdc_etl_libs_sdc_file_helpers_TechnicalStandards___init___py.html","relative_filename":"libs/sdc_etl_libs/sdc_file_helpers/TechnicalStandards/__init__.py"}},"libs_sdc_etl_libs_sdc_file_helpers___init___py":{"hash":"af9d0d0de0ea3b71d198bc63f1499a7d","index":{"nums":[1,0,0,0,0,0,0],"html_filename":"libs_sdc_etl_libs_sdc_file_helpers___init___py.html","relative_filename":"libs/sdc_etl_libs/sdc_file_helpers/__init__.py"}},"libs_sdc_etl_libs_sdc_filetransfer_FileTransfer_py":{"hash":"2a30ae102035a97cc0b53ec1159af535","index":{"nums":[1,14,0,5,0,0,0],"html_filename":"libs_sdc_etl_libs_sdc_filetransfer_FileTransfer_py.html","relative_filename":"libs/sdc_etl_libs/sdc_filetransfer/FileTransfer.py"}},"libs_sdc_etl_libs_sdc_filetransfer_SFTPFileTransfer_py":{"hash":"bf7453dab287bfe17ace786a5da9b871","index":{"nums":[1,100,0,74,0,0,0],"html_filename":"libs_sdc_etl_libs_sdc_filetransfer_SFTPFileTransfer_py.html","relative_filename":"libs/sdc_etl_libs/sdc_filetransfer/SFTPFileTransfer.py"}},"libs_sdc_etl_libs_sdc_filetransfer___init___py":{"hash":"af9d0d0de0ea3b71d198bc63f1499a7d","index":{"nums":[1,0,0,0,0,0,0],"html_filename":"libs_sdc_etl_libs_sdc_filetransfer___init___py.html","relative_filename":"libs/sdc_etl_libs/sdc_filetransfer/__init__.py"}},"libs_sdc_etl_libs_sdc_filetransfer_utils___init___py":{"hash":"af9d0d0de0ea3b71d198bc63f1499a7d","index":{"nums":[1,0,0,0,0,0,0],"html_filename":"libs_sdc_etl_libs_sdc_filetransfer_utils___init___py.html","relative_filename":"libs/sdc_etl_libs/sdc_filetransfer/utils/__init__.py"}},"libs_sdc_etl_libs_sdc_filetransfer_utils_delete_files_mechanism_AfterNDaysDeleteCriteria_py":{"hash":"8fb150f4473a5a74f333c97304b95cca","index":{"nums":[1,7,0,0,0,0,0],"html_filename":"libs_sdc_etl_libs_sdc_filetransfer_utils_delete_files_mechanism_AfterNDaysDeleteCriteria_py.html","relative_filename":"libs/sdc_etl_libs/sdc_filetransfer/utils/delete_files_mechanism/AfterNDaysDeleteCriteria.py"}},"libs_sdc_etl_libs_sdc_filetransfer_utils_delete_files_mechanism_DeleteCriteria_py":{"hash":"804105c3bb40a46bb73dbb08843887bb","index":{"nums":[1,7,0,2,0,0,0],"html_filename":"libs_sdc_etl_libs_sdc_filetransfer_utils_delete_files_mechanism_DeleteCriteria_py.html","relative_filename":"libs/sdc_etl_libs/sdc_filetransfer/utils/delete_files_mechanism/DeleteCriteria.py"}},"libs_sdc_etl_libs_sdc_filetransfer_utils_delete_files_mechanism_ExistsInTableDeleteCriteria_py":{"hash":"6929b9ebb1a7f552a7ddc3ccfb2393db","index":{"nums":[1,8,0,0,0,0,0],"html_filename":"libs_sdc_etl_libs_sdc_filetransfer_utils_delete_files_mechanism_ExistsInTableDeleteCriteria_py.html","relative_filename":"libs/sdc_etl_libs/sdc_filetransfer/utils/delete_files_mechanism/ExistsInTableDeleteCriteria.py"}},"libs_sdc_etl_libs_sdc_filetransfer_utils_delete_files_mechanism_FilenameMatchDeleteCriteria_py":{"hash":"47f7bc7a94fee9b43ad1d142203a389e","index":{"nums":[1,8,0,2,0,0,0],"html_filename":"libs_sdc_etl_libs_sdc_filetransfer_utils_delete_files_mechanism_FilenameMatchDeleteCriteria_py.html","relative_filename":"libs/sdc_etl_libs/sdc_filetransfer/utils/delete_files_mechanism/FilenameMatchDeleteCriteria.py"}},"libs_sdc_etl_libs_sdc_filetransfer_utils_delete_files_mechanism___init___py":{"hash":"af9d0d0de0ea3b71d198bc63f1499a7d","index":{"nums":[1,0,0,0,0,0,0],"html_filename":"libs_sdc_etl_libs_sdc_filetransfer_utils_delete_files_mechanism___init___py.html","relative_filename":"libs/sdc_etl_libs/sdc_filetransfer/utils/delete_files_mechanism/__init__.py"}},"libs_sdc_etl_libs_sdc_s3_SDCS3_py":{"hash":"f4ebbc5106e9aabf3fe286007ff43619","index":{"nums":[1,181,0,153,0,0,0],"html_filename":"libs_sdc_etl_libs_sdc_s3_SDCS3_py.html","relative_filename":"libs/sdc_etl_libs/sdc_s3/SDCS3.py"}},"libs_sdc_etl_libs_sdc_s3___init___py":{"hash":"af9d0d0de0ea3b71d198bc63f1499a7d","index":{"nums":[1,0,0,0,0,0,0],"html_filename":"libs_sdc_etl_libs_sdc_s3___init___py.html","relative_filename":"libs/sdc_etl_libs/sdc_s3/__init__.py"}},"libs_sdc_etl_libs_tests___init___py":{"hash":"af9d0d0de0ea3b71d198bc63f1499a7d","index":{"nums":[1,0,0,0,0,0,0],"html_filename":"libs_sdc_etl_libs_tests___init___py.html","relative_filename":"libs/sdc_etl_libs/tests/__init__.py"}},"libs_sdc_etl_libs_tests_api_helpers_tests_Google_enhanced_conversion_apha_api_test_py":{"hash":"f9df7526b47a93427d82a4e50f7e30c6","index":{"nums":[1,6,0,0,0,0,0],"html_filename":"libs_sdc_etl_libs_tests_api_helpers_tests_Google_enhanced_conversion_apha_api_test_py.html","relative_filename":"libs/sdc_etl_libs/tests/api_helpers_tests/Google/enhanced_conversion_apha_api_test.py"}},"libs_sdc_etl_libs_tests_api_helpers_tests_Impact_impact_test_py":{"hash":"08bd47ca4d5aeabf7d2179b0f22e2ac3","index":{"nums":[1,51,0,0,0,0,0],"html_filename":"libs_sdc_etl_libs_tests_api_helpers_tests_Impact_impact_test_py.html","relative_filename":"libs/sdc_etl_libs/tests/api_helpers_tests/Impact/impact_test.py"}},"libs_sdc_etl_libs_tests_api_helpers_tests_NewRelic___init___py":{"hash":"af9d0d0de0ea3b71d198bc63f1499a7d","index":{"nums":[1,0,0,0,0,0,0],"html_filename":"libs_sdc_etl_libs_tests_api_helpers_tests_NewRelic___init___py.html","relative_filename":"libs/sdc_etl_libs/tests/api_helpers_tests/NewRelic/__init__.py"}},"libs_sdc_etl_libs_tests_api_helpers_tests_NewRelic_new_relic_test_py":{"hash":"662402eaca8f1c70d9a4bb3f087e58c6","index":{"nums":[1,37,0,2,0,0,0],"html_filename":"libs_sdc_etl_libs_tests_api_helpers_tests_NewRelic_new_relic_test_py.html","relative_filename":"libs/sdc_etl_libs/tests/api_helpers_tests/NewRelic/new_relic_test.py"}},"libs_sdc_etl_libs_tests_api_helpers_tests_Sharepoint___init___py":{"hash":"af9d0d0de0ea3b71d198bc63f1499a7d","index":{"nums":[1,0,0,0,0,0,0],"html_filename":"libs_sdc_etl_libs_tests_api_helpers_tests_Sharepoint___init___py.html","relative_filename":"libs/sdc_etl_libs/tests/api_helpers_tests/Sharepoint/__init__.py"}},"libs_sdc_etl_libs_tests_api_helpers_tests_Sharepoint_sharepoint_test_py":{"hash":"837527f2fc5f79ec0c98a2ecf72cb8b1","index":{"nums":[1,55,0,0,0,0,0],"html_filename":"libs_sdc_etl_libs_tests_api_helpers_tests_Sharepoint_sharepoint_test_py.html","relative_filename":"libs/sdc_etl_libs/tests/api_helpers_tests/Sharepoint/sharepoint_test.py"}},"libs_sdc_etl_libs_tests_api_helpers_tests_StandardCyborg___init___py":{"hash":"af9d0d0de0ea3b71d198bc63f1499a7d","index":{"nums":[1,0,0,0,0,0,0],"html_filename":"libs_sdc_etl_libs_tests_api_helpers_tests_StandardCyborg___init___py.html","relative_filename":"libs/sdc_etl_libs/tests/api_helpers_tests/StandardCyborg/__init__.py"}},"libs_sdc_etl_libs_tests_api_helpers_tests_StandardCyborg_standard_cyborg_test_py":{"hash":"df31f7345a97f1e314124791a9447840","index":{"nums":[1,55,0,1,0,0,0],"html_filename":"libs_sdc_etl_libs_tests_api_helpers_tests_StandardCyborg_standard_cyborg_test_py.html","relative_filename":"libs/sdc_etl_libs/tests/api_helpers_tests/StandardCyborg/standard_cyborg_test.py"}},"libs_sdc_etl_libs_tests_api_helpers_tests_StandardCyborg_standard_cyborg_utils_test_py":{"hash":"5a7e09f2fe9efc5d95277cb4d8ab3684","index":{"nums":[1,28,0,1,0,0,0],"html_filename":"libs_sdc_etl_libs_tests_api_helpers_tests_StandardCyborg_standard_cyborg_utils_test_py.html","relative_filename":"libs/sdc_etl_libs/tests/api_helpers_tests/StandardCyborg/standard_cyborg_utils_test.py"}},"libs_sdc_etl_libs_tests_api_helpers_tests_TikTok_tiktok_test_py":{"hash":"2d03707328be08ec4862b0374609b025","index":{"nums":[1,41,0,0,0,0,0],"html_filename":"libs_sdc_etl_libs_tests_api_helpers_tests_TikTok_tiktok_test_py.html","relative_filename":"libs/sdc_etl_libs/tests/api_helpers_tests/TikTok/tiktok_test.py"}},"libs_sdc_etl_libs_tests_api_helpers_tests_Verizon___init___py":{"hash":"af9d0d0de0ea3b71d198bc63f1499a7d","index":{"nums":[1,0,0,0,0,0,0],"html_filename":"libs_sdc_etl_libs_tests_api_helpers_tests_Verizon___init___py.html","relative_filename":"libs/sdc_etl_libs/tests/api_helpers_tests/Verizon/__init__.py"}},"libs_sdc_etl_libs_tests_api_helpers_tests_Verizon_verizon_api_test_py":{"hash":"18ca6137918983325538f0ede95c1d2f","index":{"nums":[1,111,0,2,0,0,0],"html_filename":"libs_sdc_etl_libs_tests_api_helpers_tests_Verizon_verizon_api_test_py.html","relative_filename":"libs/sdc_etl_libs/tests/api_helpers_tests/Verizon/verizon_api_test.py"}},"libs_sdc_etl_libs_tests_api_helpers_tests___init___py":{"hash":"af9d0d0de0ea3b71d198bc63f1499a7d","index":{"nums":[1,0,0,0,0,0,0],"html_filename":"libs_sdc_etl_libs_tests_api_helpers_tests___init___py.html","relative_filename":"libs/sdc_etl_libs/tests/api_helpers_tests/__init__.py"}},"libs_sdc_etl_libs_tests_api_helpers_tests_api_utils_test_py":{"hash":"2e7ddff862b4efb41de3ad2ca9f7cad1","index":{"nums":[1,34,0,1,0,0,0],"html_filename":"libs_sdc_etl_libs_tests_api_helpers_tests_api_utils_test_py.html","relative_filename":"libs/sdc_etl_libs/tests/api_helpers_tests/api_utils_test.py"}},"libs_sdc_etl_libs_tests_api_helpers_tests_exacttarget_test_py":{"hash":"bdddad3a9c891fc20b5a5d0274973b38","index":{"nums":[1,18,0,0,0,0,0],"html_filename":"libs_sdc_etl_libs_tests_api_helpers_tests_exacttarget_test_py.html","relative_filename":"libs/sdc_etl_libs/tests/api_helpers_tests/exacttarget_test.py"}},"libs_sdc_etl_libs_tests_api_helpers_tests_timecontrol_test_py":{"hash":"c77cc86888e4ee9315c6700f219b73f9","index":{"nums":[1,66,0,2,0,0,0],"html_filename":"libs_sdc_etl_libs_tests_api_helpers_tests_timecontrol_test_py.html","relative_filename":"libs/sdc_etl_libs/tests/api_helpers_tests/timecontrol_test.py"}},"libs_sdc_etl_libs_tests_api_helpers_tests_ultipro_rest_test_py":{"hash":"ea38ad89d5030b278fc6c22eb6ee3696","index":{"nums":[1,33,0,0,0,0,0],"html_filename":"libs_sdc_etl_libs_tests_api_helpers_tests_ultipro_rest_test_py.html","relative_filename":"libs/sdc_etl_libs/tests/api_helpers_tests/ultipro_rest_test.py"}},"libs_sdc_etl_libs_tests_api_helpers_tests_ultipro_tm_test_py":{"hash":"a6d67e813e15cd2618e319877f3145d8","index":{"nums":[1,22,0,0,0,0,0],"html_filename":"libs_sdc_etl_libs_tests_api_helpers_tests_ultipro_tm_test_py.html","relative_filename":"libs/sdc_etl_libs/tests/api_helpers_tests/ultipro_tm_test.py"}},"libs_sdc_etl_libs_tests_api_helpers_tests_ups_quantum_view_test_py":{"hash":"bb8df2f531b6c5c56254911efd3b08ff","index":{"nums":[1,49,0,0,0,0,0],"html_filename":"libs_sdc_etl_libs_tests_api_helpers_tests_ups_quantum_view_test_py.html","relative_filename":"libs/sdc_etl_libs/tests/api_helpers_tests/ups_quantum_view_test.py"}},"libs_sdc_etl_libs_tests_aws_helpers_tests___init___py":{"hash":"af9d0d0de0ea3b71d198bc63f1499a7d","index":{"nums":[1,0,0,0,0,0,0],"html_filename":"libs_sdc_etl_libs_tests_aws_helpers_tests___init___py.html","relative_filename":"libs/sdc_etl_libs/tests/aws_helpers_tests/__init__.py"}},"libs_sdc_etl_libs_tests_aws_helpers_tests_aws_secrets_test_py":{"hash":"34217529d563e607da85df65dc53fdf9","index":{"nums":[1,21,0,15,0,0,0],"html_filename":"libs_sdc_etl_libs_tests_aws_helpers_tests_aws_secrets_test_py.html","relative_filename":"libs/sdc_etl_libs/tests/aws_helpers_tests/aws_secrets_test.py"}},"libs_sdc_etl_libs_tests_dataframe_tests___init___py":{"hash":"af9d0d0de0ea3b71d198bc63f1499a7d","index":{"nums":[1,0,0,0,0,0,0],"html_filename":"libs_sdc_etl_libs_tests_dataframe_tests___init___py.html","relative_filename":"libs/sdc_etl_libs/tests/dataframe_tests/__init__.py"}},"libs_sdc_etl_libs_tests_dataframe_tests_sdc_dataframe_convert_columns_to_json_test_py":{"hash":"4a9f58f3a4c6102956880f26f2d70bb3","index":{"nums":[1,17,0,0,0,0,0],"html_filename":"libs_sdc_etl_libs_tests_dataframe_tests_sdc_dataframe_convert_columns_to_json_test_py.html","relative_filename":"libs/sdc_etl_libs/tests/dataframe_tests/sdc_dataframe_convert_columns_to_json_test.py"}},"libs_sdc_etl_libs_tests_dataframe_tests_sdc_dataframe_metadata_transformations_test_py":{"hash":"af9d0d0de0ea3b71d198bc63f1499a7d","index":{"nums":[1,0,0,0,0,0,0],"html_filename":"libs_sdc_etl_libs_tests_dataframe_tests_sdc_dataframe_metadata_transformations_test_py.html","relative_filename":"libs/sdc_etl_libs/tests/dataframe_tests/sdc_dataframe_metadata_transformations_test.py"}},"libs_sdc_etl_libs_tests_dataframe_tests_sdc_dataframe_pandas_test_py":{"hash":"fe52d97df862b349540c7b4cb2845d6c","index":{"nums":[1,138,0,0,0,0,0],"html_filename":"libs_sdc_etl_libs_tests_dataframe_tests_sdc_dataframe_pandas_test_py.html","relative_filename":"libs/sdc_etl_libs/tests/dataframe_tests/sdc_dataframe_pandas_test.py"}},"libs_sdc_etl_libs_tests_dataframe_tests_sdc_dataframe_pandas_udf_test_py":{"hash":"9d21f76ad438d364755ac5a614cb19b3","index":{"nums":[1,37,0,0,0,0,0],"html_filename":"libs_sdc_etl_libs_tests_dataframe_tests_sdc_dataframe_pandas_udf_test_py.html","relative_filename":"libs/sdc_etl_libs/tests/dataframe_tests/sdc_dataframe_pandas_udf_test.py"}},"libs_sdc_etl_libs_tests_dataframe_tests_sdc_dataframe_sql_test_py":{"hash":"d340e4b05036f0342be4a6890ada2f58","index":{"nums":[1,29,0,0,0,0,0],"html_filename":"libs_sdc_etl_libs_tests_dataframe_tests_sdc_dataframe_sql_test_py.html","relative_filename":"libs/sdc_etl_libs/tests/dataframe_tests/sdc_dataframe_sql_test.py"}},"libs_sdc_etl_libs_tests_dataframe_tests_sdc_dataframe_transformations_test_py":{"hash":"0feb90ed6947e97ac0172c8b1ec773be","index":{"nums":[1,54,0,0,0,0,0],"html_filename":"libs_sdc_etl_libs_tests_dataframe_tests_sdc_dataframe_transformations_test_py.html","relative_filename":"libs/sdc_etl_libs/tests/dataframe_tests/sdc_dataframe_transformations_test.py"}},"libs_sdc_etl_libs_tests_pgp_tests_encrypt_decrypt_test_py":{"hash":"79fb66ead31e60336bfdb3c23ab6b050","index":{"nums":[1,73,0,2,0,0,0],"html_filename":"libs_sdc_etl_libs_tests_pgp_tests_encrypt_decrypt_test_py.html","relative_filename":"libs/sdc_etl_libs/tests/pgp_tests/encrypt_decrypt_test.py"}},"libs_sdc_etl_libs_tests_sdc_data_exchange_loggers_tests_sdc_snowflake_logger_tests___init___py":{"hash":"af9d0d0de0ea3b71d198bc63f1499a7d","index":{"nums":[1,0,0,0,0,0,0],"html_filename":"libs_sdc_etl_libs_tests_sdc_data_exchange_loggers_tests_sdc_snowflake_logger_tests___init___py.html","relative_filename":"libs/sdc_etl_libs/tests/sdc_data_exchange_loggers_tests/sdc_snowflake_logger_tests/__init__.py"}},"libs_sdc_etl_libs_tests_sdc_data_exchange_loggers_tests_sdc_snowflake_logger_tests_sdc_snowflake_logger_test_py":{"hash":"3fb7d620a81ae1a319e89bea814bd56d","index":{"nums":[1,154,0,0,0,0,0],"html_filename":"libs_sdc_etl_libs_tests_sdc_data_exchange_loggers_tests_sdc_snowflake_logger_tests_sdc_snowflake_logger_test_py.html","relative_filename":"libs/sdc_etl_libs/tests/sdc_data_exchange_loggers_tests/sdc_snowflake_logger_tests/sdc_snowflake_logger_test.py"}},"libs_sdc_etl_libs_tests_sdc_data_exchange_tests___init___py":{"hash":"af9d0d0de0ea3b71d198bc63f1499a7d","index":{"nums":[1,0,0,0,0,0,0],"html_filename":"libs_sdc_etl_libs_tests_sdc_data_exchange_tests___init___py.html","relative_filename":"libs/sdc_etl_libs/tests/sdc_data_exchange_tests/__init__.py"}},"libs_sdc_etl_libs_tests_sdc_data_exchange_tests_test_sdc_data_exchange_py":{"hash":"fc350af3394680d85c89fab7737f8f8a","index":{"nums":[1,41,0,16,0,0,0],"html_filename":"libs_sdc_etl_libs_tests_sdc_data_exchange_tests_test_sdc_data_exchange_py.html","relative_filename":"libs/sdc_etl_libs/tests/sdc_data_exchange_tests/test_sdc_data_exchange.py"}},"libs_sdc_etl_libs_tests_sdc_data_schema_tests___init___py":{"hash":"af9d0d0de0ea3b71d198bc63f1499a7d","index":{"nums":[1,0,0,0,0,0,0],"html_filename":"libs_sdc_etl_libs_tests_sdc_data_schema_tests___init___py.html","relative_filename":"libs/sdc_etl_libs/tests/sdc_data_schema_tests/__init__.py"}},"libs_sdc_etl_libs_tests_sdc_data_schema_tests_schema_toolbox_tests___init___py":{"hash":"af9d0d0de0ea3b71d198bc63f1499a7d","index":{"nums":[1,0,0,0,0,0,0],"html_filename":"libs_sdc_etl_libs_tests_sdc_data_schema_tests_schema_toolbox_tests___init___py.html","relative_filename":"libs/sdc_etl_libs/tests/sdc_data_schema_tests/schema_toolbox_tests/__init__.py"}},"libs_sdc_etl_libs_tests_sdc_data_schema_tests_schema_toolbox_tests_basic_tools_test_py":{"hash":"8698d133262369215b292620389eff67","index":{"nums":[1,21,0,0,0,0,0],"html_filename":"libs_sdc_etl_libs_tests_sdc_data_schema_tests_schema_toolbox_tests_basic_tools_test_py.html","relative_filename":"libs/sdc_etl_libs/tests/sdc_data_schema_tests/schema_toolbox_tests/basic_tools_test.py"}},"libs_sdc_etl_libs_tests_sdc_data_schema_tests_schema_toolbox_tests_determine_dataframe_from_schema_test_py":{"hash":"e505caf9f3b4549f1fcc1ffd996f4f2a","index":{"nums":[1,24,0,0,0,0,0],"html_filename":"libs_sdc_etl_libs_tests_sdc_data_schema_tests_schema_toolbox_tests_determine_dataframe_from_schema_test_py.html","relative_filename":"libs/sdc_etl_libs/tests/sdc_data_schema_tests/schema_toolbox_tests/determine_dataframe_from_schema_test.py"}},"libs_sdc_etl_libs_tests_sdc_data_schema_tests_schema_toolbox_tests_generate_file_output_args_test_py":{"hash":"40bd3e9c48b70e58669a1982256ab189","index":{"nums":[1,11,0,0,0,0,0],"html_filename":"libs_sdc_etl_libs_tests_sdc_data_schema_tests_schema_toolbox_tests_generate_file_output_args_test_py.html","relative_filename":"libs/sdc_etl_libs/tests/sdc_data_schema_tests/schema_toolbox_tests/generate_file_output_args_test.py"}},"libs_sdc_etl_libs_tests_sdc_data_schema_tests_schema_toolbox_tests_get_field_names_for_file_test_py":{"hash":"229cd56364f313918567117cb5cb2aee","index":{"nums":[1,13,0,0,0,0,0],"html_filename":"libs_sdc_etl_libs_tests_sdc_data_schema_tests_schema_toolbox_tests_get_field_names_for_file_test_py.html","relative_filename":"libs/sdc_etl_libs/tests/sdc_data_schema_tests/schema_toolbox_tests/get_field_names_for_file_test.py"}},"libs_sdc_etl_libs_tests_sdc_data_schema_tests_schema_toolbox_tests_sql_generation_from_schema_test_py":{"hash":"5b9790cb3ca185d5d63c0e173fbbd876","index":{"nums":[1,0,0,0,0,0,0],"html_filename":"libs_sdc_etl_libs_tests_sdc_data_schema_tests_schema_toolbox_tests_sql_generation_from_schema_test_py.html","relative_filename":"libs/sdc_etl_libs/tests/sdc_data_schema_tests/schema_toolbox_tests/sql_generation_from_schema_test.py"}},"libs_sdc_etl_libs_tests_sdc_data_schema_tests_schema_validation_tests___init___py":{"hash":"af9d0d0de0ea3b71d198bc63f1499a7d","index":{"nums":[1,0,0,0,0,0,0],"html_filename":"libs_sdc_etl_libs_tests_sdc_data_schema_tests_schema_validation_tests___init___py.html","relative_filename":"libs/sdc_etl_libs/tests/sdc_data_schema_tests/schema_validation_tests/__init__.py"}},"libs_sdc_etl_libs_tests_sdc_data_schema_tests_schema_validation_tests_schema_validation_allowed_values_test_py":{"hash":"b05012db0d74787e9a11c0e3fc4f7fc5","index":{"nums":[1,163,0,0,0,0,0],"html_filename":"libs_sdc_etl_libs_tests_sdc_data_schema_tests_schema_validation_tests_schema_validation_allowed_values_test_py.html","relative_filename":"libs/sdc_etl_libs/tests/sdc_data_schema_tests/schema_validation_tests/schema_validation_allowed_values_test.py"}},"libs_sdc_etl_libs_tests_sdc_data_schema_tests_schema_validation_tests_schema_validation_data_type_test_py":{"hash":"87358dbf003fa0d3d062ab646dd04cc1","index":{"nums":[1,79,0,0,0,0,0],"html_filename":"libs_sdc_etl_libs_tests_sdc_data_schema_tests_schema_validation_tests_schema_validation_data_type_test_py.html","relative_filename":"libs/sdc_etl_libs/tests/sdc_data_schema_tests/schema_validation_tests/schema_validation_data_type_test.py"}},"libs_sdc_etl_libs_tests_sdc_data_schema_tests_schema_validation_tests_schema_validation_key_default_values_test_py":{"hash":"48d4a99ecf69697a36c490c297cc47b0","index":{"nums":[1,28,0,0,0,0,0],"html_filename":"libs_sdc_etl_libs_tests_sdc_data_schema_tests_schema_validation_tests_schema_validation_key_default_values_test_py.html","relative_filename":"libs/sdc_etl_libs/tests/sdc_data_schema_tests/schema_validation_tests/schema_validation_key_default_values_test.py"}},"libs_sdc_etl_libs_tests_sdc_data_schema_tests_schema_validation_tests_schema_validation_list_value_opts_test_py":{"hash":"f7afef8fa2dbfbbb1141571b58c56c20","index":{"nums":[1,75,0,0,0,0,0],"html_filename":"libs_sdc_etl_libs_tests_sdc_data_schema_tests_schema_validation_tests_schema_validation_list_value_opts_test_py.html","relative_filename":"libs/sdc_etl_libs/tests/sdc_data_schema_tests/schema_validation_tests/schema_validation_list_value_opts_test.py"}},"libs_sdc_etl_libs_tests_sdc_data_schema_tests_schema_validation_tests_schema_validation_pii_test_py":{"hash":"bb7a82c9586821c6d3c37479924610af","index":{"nums":[1,50,0,0,0,0,0],"html_filename":"libs_sdc_etl_libs_tests_sdc_data_schema_tests_schema_validation_tests_schema_validation_pii_test_py.html","relative_filename":"libs/sdc_etl_libs/tests/sdc_data_schema_tests/schema_validation_tests/schema_validation_pii_test.py"}},"libs_sdc_etl_libs_tests_sdc_data_schema_tests_schema_validation_tests_schema_validation_test_py":{"hash":"08bc2e84ab233237eb36539e52f138f0","index":{"nums":[1,122,0,6,0,0,0],"html_filename":"libs_sdc_etl_libs_tests_sdc_data_schema_tests_schema_validation_tests_schema_validation_test_py.html","relative_filename":"libs/sdc_etl_libs/tests/sdc_data_schema_tests/schema_validation_tests/schema_validation_test.py"}},"libs_sdc_etl_libs_tests_sdc_data_validation_tests_data_validation_tests_py":{"hash":"ee9e9c07339f2ba7f6b397196be8b53f","index":{"nums":[1,48,0,0,0,0,0],"html_filename":"libs_sdc_etl_libs_tests_sdc_data_validation_tests_data_validation_tests_py.html","relative_filename":"libs/sdc_etl_libs/tests/sdc_data_validation_tests/data_validation_tests.py"}},"libs_sdc_etl_libs_tests_sdc_database_helpers___init___py":{"hash":"af9d0d0de0ea3b71d198bc63f1499a7d","index":{"nums":[1,0,0,0,0,0,0],"html_filename":"libs_sdc_etl_libs_tests_sdc_database_helpers___init___py.html","relative_filename":"libs/sdc_etl_libs/tests/sdc_database_helpers/__init__.py"}},"libs_sdc_etl_libs_tests_sdc_database_helpers_netsuite_odbc_database_test_py":{"hash":"b962923512a699b2f7302bbd6a2de635","index":{"nums":[1,15,0,5,0,0,0],"html_filename":"libs_sdc_etl_libs_tests_sdc_database_helpers_netsuite_odbc_database_test_py.html","relative_filename":"libs/sdc_etl_libs/tests/sdc_database_helpers/netsuite_odbc_database_test.py"}},"libs_sdc_etl_libs_tests_sdc_database_helpers_snowflake_database_test_py":{"hash":"07037e8e478455cbb681f648b0903e9c","index":{"nums":[1,15,0,0,0,0,0],"html_filename":"libs_sdc_etl_libs_tests_sdc_database_helpers_snowflake_database_test_py.html","relative_filename":"libs/sdc_etl_libs/tests/sdc_database_helpers/snowflake_database_test.py"}},"libs_sdc_etl_libs_tests_sdc_dataframe_tests___init___py":{"hash":"af9d0d0de0ea3b71d198bc63f1499a7d","index":{"nums":[1,0,0,0,0,0,0],"html_filename":"libs_sdc_etl_libs_tests_sdc_dataframe_tests___init___py.html","relative_filename":"libs/sdc_etl_libs/tests/sdc_dataframe_tests/__init__.py"}},"libs_sdc_etl_libs_tests_sdc_dataframe_tests_sdc_dataframe_helpers_test_py":{"hash":"bdf0e93b8699ef5e1febbcc10f86f726","index":{"nums":[1,45,0,0,0,0,0],"html_filename":"libs_sdc_etl_libs_tests_sdc_dataframe_tests_sdc_dataframe_helpers_test_py.html","relative_filename":"libs/sdc_etl_libs/tests/sdc_dataframe_tests/sdc_dataframe_helpers_test.py"}},"libs_sdc_etl_libs_tests_sdc_endpoint_credentials_tests___init___py":{"hash":"af9d0d0de0ea3b71d198bc63f1499a7d","index":{"nums":[1,0,0,0,0,0,0],"html_filename":"libs_sdc_etl_libs_tests_sdc_endpoint_credentials_tests___init___py.html","relative_filename":"libs/sdc_etl_libs/tests/sdc_endpoint_credentials_tests/__init__.py"}},"libs_sdc_etl_libs_tests_sdc_endpoint_credentials_tests_get_credentials_test_py":{"hash":"daf0654d94ea562661972d1546fd3bd3","index":{"nums":[1,46,0,2,0,0,0],"html_filename":"libs_sdc_etl_libs_tests_sdc_endpoint_credentials_tests_get_credentials_test_py.html","relative_filename":"libs/sdc_etl_libs/tests/sdc_endpoint_credentials_tests/get_credentials_test.py"}},"libs_sdc_etl_libs_tests_sdc_exchange_endpoints_tests___init___py":{"hash":"af9d0d0de0ea3b71d198bc63f1499a7d","index":{"nums":[1,0,0,0,0,0,0],"html_filename":"libs_sdc_etl_libs_tests_sdc_exchange_endpoints_tests___init___py.html","relative_filename":"libs/sdc_etl_libs/tests/sdc_exchange_endpoints_tests/__init__.py"}},"libs_sdc_etl_libs_tests_sdc_exchange_endpoints_tests_file_endpoints_SDCSFTPEndpoint_test_py":{"hash":"56abaaa2c58c6d966f910f127c3712cb","index":{"nums":[1,72,0,0,0,0,0],"html_filename":"libs_sdc_etl_libs_tests_sdc_exchange_endpoints_tests_file_endpoints_SDCSFTPEndpoint_test_py.html","relative_filename":"libs/sdc_etl_libs/tests/sdc_exchange_endpoints_tests/file_endpoints/SDCSFTPEndpoint_test.py"}},"libs_sdc_etl_libs_tests_sdc_exchange_endpoints_tests_file_endpoints___init___py":{"hash":"af9d0d0de0ea3b71d198bc63f1499a7d","index":{"nums":[1,0,0,0,0,0,0],"html_filename":"libs_sdc_etl_libs_tests_sdc_exchange_endpoints_tests_file_endpoints___init___py.html","relative_filename":"libs/sdc_etl_libs/tests/sdc_exchange_endpoints_tests/file_endpoints/__init__.py"}},"libs_sdc_etl_libs_tests_sdc_file_helpers_tests_sdc_avro_file_test_py":{"hash":"53c95a5391b395a905eb3b5dd2f76738","index":{"nums":[1,20,0,4,0,0,0],"html_filename":"libs_sdc_etl_libs_tests_sdc_file_helpers_tests_sdc_avro_file_test_py.html","relative_filename":"libs/sdc_etl_libs/tests/sdc_file_helpers_tests/sdc_avro_file_test.py"}},"libs_sdc_etl_libs_tests_sdc_file_helpers_tests_sdc_csv_file_test_py":{"hash":"99c4375b5d2df4e73d0c0a5d96e0e19a","index":{"nums":[1,106,0,0,0,0,0],"html_filename":"libs_sdc_etl_libs_tests_sdc_file_helpers_tests_sdc_csv_file_test_py.html","relative_filename":"libs/sdc_etl_libs/tests/sdc_file_helpers_tests/sdc_csv_file_test.py"}},"libs_sdc_etl_libs_tests_sdc_file_helpers_tests_sdc_dynamic_filename_test_py":{"hash":"949fbd0efb3887039bb9ab2e3f21fb14","index":{"nums":[1,23,0,0,0,0,0],"html_filename":"libs_sdc_etl_libs_tests_sdc_file_helpers_tests_sdc_dynamic_filename_test_py.html","relative_filename":"libs/sdc_etl_libs/tests/sdc_file_helpers_tests/sdc_dynamic_filename_test.py"}},"libs_sdc_etl_libs_tests_sdc_file_helpers_tests_sdc_edi_file_test_py":{"hash":"1bbce984c0413d34755e863faa38e2e3","index":{"nums":[1,36,0,0,0,0,0],"html_filename":"libs_sdc_etl_libs_tests_sdc_file_helpers_tests_sdc_edi_file_test_py.html","relative_filename":"libs/sdc_etl_libs/tests/sdc_file_helpers_tests/sdc_edi_file_test.py"}},"libs_sdc_etl_libs_tests_sdc_file_helpers_tests_sdc_excel_file_test_py":{"hash":"06bd87b835c7eefe92f4c610d9a16aec","index":{"nums":[1,75,0,2,0,0,0],"html_filename":"libs_sdc_etl_libs_tests_sdc_file_helpers_tests_sdc_excel_file_test_py.html","relative_filename":"libs/sdc_etl_libs/tests/sdc_file_helpers_tests/sdc_excel_file_test.py"}},"libs_sdc_etl_libs_tests_sdc_file_helpers_tests_sdc_json_file_helpers_test_py":{"hash":"d417cd9036ce4f30c11365334046f9b6","index":{"nums":[1,23,0,0,0,0,0],"html_filename":"libs_sdc_etl_libs_tests_sdc_file_helpers_tests_sdc_json_file_helpers_test_py.html","relative_filename":"libs/sdc_etl_libs/tests/sdc_file_helpers_tests/sdc_json_file_helpers_test.py"}},"libs_sdc_etl_libs_tests_sdc_file_helpers_tests_sdc_json_file_test_py":{"hash":"c36fae61532b5f96413de300ff6df712","index":{"nums":[1,54,0,0,0,0,0],"html_filename":"libs_sdc_etl_libs_tests_sdc_file_helpers_tests_sdc_json_file_test_py.html","relative_filename":"libs/sdc_etl_libs/tests/sdc_file_helpers_tests/sdc_json_file_test.py"}},"libs_sdc_etl_libs_tests_sdc_filetransfer_tests___init___py":{"hash":"af9d0d0de0ea3b71d198bc63f1499a7d","index":{"nums":[1,0,0,0,0,0,0],"html_filename":"libs_sdc_etl_libs_tests_sdc_filetransfer_tests___init___py.html","relative_filename":"libs/sdc_etl_libs/tests/sdc_filetransfer_tests/__init__.py"}},"libs_sdc_etl_libs_tests_sdc_filetransfer_tests_utils___init___py":{"hash":"af9d0d0de0ea3b71d198bc63f1499a7d","index":{"nums":[1,0,0,0,0,0,0],"html_filename":"libs_sdc_etl_libs_tests_sdc_filetransfer_tests_utils___init___py.html","relative_filename":"libs/sdc_etl_libs/tests/sdc_filetransfer_tests/utils/__init__.py"}},"libs_sdc_etl_libs_tests_sdc_filetransfer_tests_utils_delete_file_mechanism_AfterNDaysDeleteCriteria_test_py":{"hash":"81453a85dfff8454d07621550b2249fc","index":{"nums":[1,30,0,0,0,0,0],"html_filename":"libs_sdc_etl_libs_tests_sdc_filetransfer_tests_utils_delete_file_mechanism_AfterNDaysDeleteCriteria_test_py.html","relative_filename":"libs/sdc_etl_libs/tests/sdc_filetransfer_tests/utils/delete_file_mechanism/AfterNDaysDeleteCriteria_test.py"}},"libs_sdc_etl_libs_tests_sdc_filetransfer_tests_utils_delete_file_mechanism_ExistsInTableDeleteCriteria_test_py":{"hash":"e8e309f4f9d3c77a1777a705e56c3fe4","index":{"nums":[1,46,0,0,0,0,0],"html_filename":"libs_sdc_etl_libs_tests_sdc_filetransfer_tests_utils_delete_file_mechanism_ExistsInTableDeleteCriteria_test_py.html","relative_filename":"libs/sdc_etl_libs/tests/sdc_filetransfer_tests/utils/delete_file_mechanism/ExistsInTableDeleteCriteria_test.py"}},"libs_sdc_etl_libs_tests_sdc_filetransfer_tests_utils_delete_file_mechanism___init___py":{"hash":"af9d0d0de0ea3b71d198bc63f1499a7d","index":{"nums":[1,0,0,0,0,0,0],"html_filename":"libs_sdc_etl_libs_tests_sdc_filetransfer_tests_utils_delete_file_mechanism___init___py.html","relative_filename":"libs/sdc_etl_libs/tests/sdc_filetransfer_tests/utils/delete_file_mechanism/__init__.py"}}}}